Timestamp,Email address,Name,Email,Address,Phone number,Tax class,Health Insurance Name,Health Insurance Number,Social Service Number,Tax ID,Religion,visa,IBAN,Salary,Start Date,Wochenstunden hours:
18/05/2024 10:07:38,yashwanthtadakamalla@gmail.com,Yashwanth Tadakamalla,yashwanthtadakamalla@gmail.com,Westernstra√üe 27,17647603884,1,TK,Ghjbdf23,1223435,324252,Hindu,Job Seeker,De223042,"24,000",01/05/2024,40
14/05/2024 16:49:16,noblemichael@avila.com,Jeremy Molina,sgreen@yahoo.com,"94987 Christensen Drive Apt. 140
South Peterberg, RI 29931",978-832-2677x166,2,Barmer,ZXFA00408419009946,FHLL12557990266334,467068,Muslim,Student,GB16JHDI89124486507573,"27,628",21/04/2024,40
21/01/2024 05:17:53,aaron19@yahoo.com,Kendra Peterson,uhuynh@gmail.com,"1841 Sawyer Villages
New Monica, IN 99863",038.822.6401x2134,1,TK,BNCT69313662169587,JRCW39316700405813,844017,Christian,Student,GB34QTKX43077468577501,"25,089",29/04/2024,30
13/04/2024 06:40:19,millerthomas@moss.com,Matthew King,codyrobertson@freeman.biz,"327 Brittany Union Apt. 926
Jenkinsmouth, NH 95212",001-570-173-5673x53084,2,TK,FBZL18884205751917,VTOI94958809122284,852977,,Job Seeker,GB96PNJI12481713561085,"44,661",14/05/2024,20
11/01/2024 06:22:05,smithchristopher@gmail.com,Loretta Castaneda,christiancarlson@kerr-gentry.com,"Unit 8661 Box 9091
DPO AP 92770",001-524-217-3836x44812,3,AOK,QNAX20337802509883,ZVFA18211653615583,54948,,Blue Card,GB76RRPR24439626329695,"69,054",09/02/2024,30
18/03/2024 22:12:02,cody30@armstrong.org,Daniel White,clopez@yahoo.com,"Unit 5778 Box 5583
DPO AP 09346",528.389.9601x9539,1,TK,SILU93535862057988,QWUW37054128153302,464050,,Work Visa,GB21CUKB45379254639167,"36,734",08/02/2024,30
18/04/2024 17:44:38,harrisonmike@hotmail.com,Scott Tucker,josephray@ward-webb.com,"USNS Reynolds
FPO AP 59597",5004039817,2,TK,TVQH20992415022184,SNZV10430316220023,696258,,Blue Card,GB18PILB98008308501120,"38,078",12/03/2024,40
03/04/2024 08:10:23,xbutler@gmail.com,Amy Graves,amandahardy@yahoo.com,"PSC 8864, Box 4483
APO AE 28757",(465)811-7605,3,TK,OYPX04113170836018,BXYX22340644084753,453498,Christian,Work Visa,GB77FXGZ96563444319685,"43,467",13/02/2024,40
18/03/2024 04:11:15,annaramirez@phelps.net,Luis Morris,medinarandy@hotmail.com,"1138 Jared Court Apt. 293
North Christina, CA 35564",+1-587-105-0537x75860,3,Barmer,ZQPB94742965332166,HJLM08252723618122,458829,Muslim,Job Seeker,GB42SIZV11196418932454,"47,209",03/03/2024,20
21/03/2024 22:25:07,allisonporter@yahoo.com,Matthew Hancock,jillmartinez@yahoo.com,"7492 Beth Green
South Jeffreyton, OR 87449",310.370.6817x335,2,TK,NTDF34244291844283,ZGSX41977976028228,512803,Christian,Student,GB38ANFF18763404399223,"25,290",22/03/2024,40
26/01/2024 08:11:10,jscott@gmail.com,Louis Burnett,dianaross@yahoo.com,"0492 Chad Locks
South Sarahshire, CA 95990",(795)455-0718x3100,1,DAK,EHYW26456777504637,VYYJ84599980574295,85472,Christian,Blue Card,GB40FVLV22719652736713,"47,156",25/02/2024,30
07/05/2024 16:27:28,karengiles@yahoo.com,Cassie Wilkinson,corythompson@davis.com,"8411 Lisa Hollow
South Sandra, CT 74545",763.369.4052,1,AOK,YCGJ09729182633071,QPSC09307696558678,921144,,Student,GB04ANWZ84268451200074,"37,298",18/01/2024,40
06/03/2024 09:46:01,karen74@torres-wallace.org,Jason Lopez,anichols@yahoo.com,"11061 Paul Rue Apt. 129
Mcbrideport, SD 66918",221.925.0562x8969,1,Barmer,PWXL72564626228706,YGZH96032618339514,873217,Hindu,Job Seeker,GB96AWLO49069019511711,"53,483",28/04/2024,30
28/01/2024 13:41:31,hollykennedy@vargas-neal.org,Pamela Reeves,kellymays@gmail.com,"99583 Spencer Stream Suite 297
Kerryberg, ID 02192",260-708-0032x832,2,AOK,KPGS00140369088217,LNWL52927183427263,907649,,Job Seeker,GB85EVTZ47403266177743,"24,781",12/02/2024,20
21/04/2024 19:36:51,theresabennett@lynn-mitchell.com,Kelly Gomez,taylordavid@harrington.com,"10975 Miller Summit Apt. 497
Port Miguelbury, NJ 15393",001-088-603-9873x23615,2,DAK,HUOL42081215922272,EUGT22086808624046,993149,Hindu,Student,GB62HLHM28322028145286,"31,652",21/04/2024,20
08/04/2024 17:32:04,amy66@yahoo.com,Anthony Murray,ymartin@gmail.com,"64337 Gregory Camp
East Heatherton, LA 12906",522.462.7888x75998,3,AOK,CAEX87166202457800,BXYW52348876354858,566715,Muslim,Blue Card,GB97IAUH46393235491526,"21,288",20/02/2024,30
27/04/2024 02:52:37,ssmith@yahoo.com,Manuel Carson,coreygoodwin@hotmail.com,"2961 Arnold Alley
New Erin, PA 25081",+1-769-769-9422,2,AOK,MGBZ81198175861826,KUGZ50442024701843,463212,,Student,GB73QHXA58107845805533,"32,525",10/05/2024,20
27/01/2024 20:38:56,brandonsims@hill.org,Amy Pearson,fhoward@kirk.net,"12066 Coffey Camp Suite 894
Simonfort, AZ 58033",(269)506-3938x538,3,TK,KRCN19695138261543,DTUQ26168266634604,682026,,Work Visa,GB88DVCF16521388486072,"56,809",15/05/2024,40
26/03/2024 09:04:45,judithyoung@hotmail.com,Pamela Cherry,gjones@hotmail.com,"78698 Steven Knolls
North Gary, CT 11014",224.192.5984,3,DAK,DVEI78096384522215,GOKJ51862205130462,343685,Muslim,Student,GB83KZKB84841437488420,"26,144",07/02/2024,20
05/01/2024 16:11:57,ltran@wilson.net,Debbie Gross,iansimon@hines.com,"575 Mills Plains Apt. 152
West Jennifer, NJ 41802",761-187-8725x832,3,DAK,MBVQ16471013764758,ZKYA55883630531631,235919,Muslim,Job Seeker,GB90VRQK21086989073209,"24,070",31/01/2024,30
23/04/2024 14:42:14,lopezmelinda@yahoo.com,Chad Conner,gail76@yahoo.com,"775 Jasmine Springs Suite 902
Heatherton, MS 31831",001-533-021-0875x357,3,AOK,XZXV35698846436402,QMXK14399969396161,337927,Christian,Job Seeker,GB90OOGS32333796537598,"62,439",22/04/2024,30
23/01/2024 07:22:44,tbrown@hotmail.com,Tasha Martinez,johnsonmark@yahoo.com,"4332 Wright Lodge
Stephanieton, ND 47509",+1-766-015-1257x6245,3,TK,FSHQ53588812689334,BAFI13103410833014,740904,Hindu,Work Visa,GB47WKZR33371206495638,"64,802",23/03/2024,30
08/03/2024 09:01:52,andrewfriedman@coleman-stanley.info,Elizabeth Brown,andres30@yahoo.com,"781 Laura Forge
Kimberlyport, MO 98387",(438)536-7355,3,TK,VRZU98373135609028,OPBR14159668211187,197830,,Blue Card,GB58YDVK54428098880584,"37,702",31/01/2024,40
18/05/2024 11:18:27,donaldkim@hotmail.com,Jacob Taylor,elainezamora@yahoo.com,"Unit 9404 Box 1297
DPO AP 52252",8684904379,3,AOK,FIHG75774928401420,YKME01982481353743,518045,,Student,GB19TMDG20675809598651,"35,857",22/04/2024,30
13/01/2024 13:55:36,allen30@yahoo.com,Amanda Dougherty,brianjones@yahoo.com,"48754 Robert Plains Apt. 360
Amberborough, WY 26014",938-599-9290x31556,2,DAK,KGID57999556921509,XGSM39028390697247,260159,,Job Seeker,GB44GTGK46314216481554,"30,418",04/04/2024,20
18/05/2024 03:10:33,alexanderprice@hotmail.com,Roy Stokes,prestonelizabeth@yahoo.com,"3212 Kimberly Estate
New Alyssa, MA 13736",250.436.4969x62828,3,DAK,MLNM05618377484939,JJYI06046852585294,207277,Muslim,Work Visa,GB68CIMM63810362649118,"35,068",26/03/2024,30
24/01/2024 05:27:02,henrylarry@roberts.biz,Carly Hutchinson,perrymatthew@holmes.com,"807 Tara Views Suite 096
Wandaburgh, ME 86956",001-210-737-2028x9095,2,Barmer,VKSG84693567478778,TSQG10014508822411,628182,Christian,Student,GB53AVJP91496698210847,"70,243",11/01/2024,30
02/04/2024 08:44:38,paul23@yahoo.com,Danielle Allen,jonathandavis@nguyen.com,"70810 Ferguson Drive
Tanyaborough, MT 70632",390.675.7489,3,AOK,CUJB57651645120159,UDPW84914075122939,318729,Christian,Job Seeker,GB43JSVY78941194990073,"24,422",13/04/2024,30
15/04/2024 22:45:37,twilson@hotmail.com,Eric Elliott,robertsoncrystal@williams.net,"289 Thomas Glen Apt. 440
North Michaelfurt, OH 33467",+1-754-851-5519x783,1,DAK,UYPJ16639337325231,NPPF73021600301621,841345,Christian,Job Seeker,GB66DQTX34749165456666,"62,137",02/03/2024,20
09/04/2024 01:00:39,timothy18@yahoo.com,Brittany Merritt,perezangela@lewis-murphy.com,"10061 Sellers Fork Apt. 516
New Helen, ID 23991",(379)084-8132x2772,2,Barmer,OVAH35573983137892,FPMO10260731675151,608940,Christian,Work Visa,GB63UNGT90025445699940,"48,771",03/01/2024,30
26/01/2024 10:56:23,molinakelly@greene.net,Tanya Ayala,fletcherdavid@hotmail.com,"0242 Becker View
North Valerie, NY 18340",549-949-6875x65140,3,Barmer,GTMN78339550627853,KBDZ51762450535954,997010,Hindu,Job Seeker,GB89GTPK79191138624989,"45,081",29/01/2024,30
02/01/2024 10:53:02,marklamb@adams.info,Amy Schultz,ericksonian@yahoo.com,"14183 Walter Views Suite 506
Nathanberg, ME 32782",911-659-3650x023,2,AOK,VBWH73763318057131,NPBX61169498198599,624819,,Student,GB38SMUL02097560580591,"78,011",30/04/2024,40
09/01/2024 12:27:16,smartinez@santiago.com,Angela Munoz,hwillis@gutierrez-floyd.com,"32165 Jenna Roads
Jerryview, MA 35215",(240)973-1445,1,DAK,IJCR50302492486208,BJIN01008946812935,739645,,Job Seeker,GB75DART41820445196904,"78,631",16/02/2024,40
03/03/2024 03:55:13,dmiller@yahoo.com,Lawrence Raymond,juan45@russell-hess.com,"38659 Christopher Underpass Apt. 403
Meltonfurt, AL 59180",494-985-0808x07740,1,DAK,PTLZ11784368415585,ESEE11125433486025,906308,Hindu,Blue Card,GB23EFMZ54589099507770,"59,428",11/03/2024,40
14/03/2024 22:33:03,pricecarl@hotmail.com,Christopher Ray Jr.,ssullivan@lambert.info,"294 John Plaza
Carmenhaven, NY 12009",958.525.1560x2185,2,AOK,CZWL09249524686091,ATUN03822957588076,143789,Muslim,Blue Card,GB18GXUZ53354802397578,"32,129",18/02/2024,20
28/02/2024 07:30:00,bsmith@ward.com,Edward Hale,tuckerashley@gmail.com,"256 Lee Walks Suite 754
Johnsonland, AL 33549",001-253-076-4274x7098,2,DAK,XEAW84201491796735,COUW71859931598479,485522,Christian,Job Seeker,GB54GQAX95196373502121,"45,822",06/04/2024,30
01/02/2024 01:39:37,meyercarolyn@gmail.com,Mrs. Erika Brown DDS,michael58@yahoo.com,"360 Christensen Tunnel Apt. 774
Connorchester, OR 11896",723-870-9570,3,Barmer,CBAG39480006195980,XVPA55741049705823,163380,Muslim,Job Seeker,GB83AFUS62457115277034,"31,129",14/01/2024,20
10/02/2024 17:12:29,zpadilla@yahoo.com,Theresa Evans,alicia79@brandt-yates.com,"365 Howard Crossing
Port Michele, ND 55988",596.625.5898,2,Barmer,XYZY37931234350602,BUAF30476646393591,368155,Hindu,Blue Card,GB82MMWB79619698939439,"36,141",08/03/2024,20
14/01/2024 13:47:33,peter92@lambert.com,David Hatfield,elizabeth18@hotmail.com,"1424 Jennifer Ferry
West Scottmouth, MA 20953",347-902-9801x92207,3,AOK,HQJK73433869045190,BNTC68038390983728,644350,Muslim,Work Visa,GB30HMHY12918121778591,"40,937",08/04/2024,30
24/03/2024 13:04:26,mikesmith@hotmail.com,Ashley Hodge,kimrebecca@huber.org,"6949 Anthony Cliffs
Lake Kimberlyland, NJ 83294",2905093055,3,DAK,DXUR03600499769928,VFIB80588859250096,180756,,Blue Card,GB15OPME12279966851949,"34,198",03/01/2024,30
09/03/2024 14:43:52,zfoster@yahoo.com,Elizabeth Richmond,gregoryreed@yahoo.com,"4946 Renee Shoals Suite 241
Tylerville, MI 12005",+1-196-357-7893,3,DAK,BIAZ35526422687909,WRGP00410870516575,686753,,Job Seeker,GB41TVCZ72308118217838,"42,336",10/04/2024,40
28/02/2024 15:12:51,kevin47@hunter.com,Kristopher Walker,taramartinez@walker-miller.com,"06796 Cunningham Summit Suite 269
Alanville, LA 79609",(199)489-6351x4934,3,TK,ERHB96858818687625,XVBU61662281502971,189093,Christian,Work Visa,GB25OVBR08837939294932,"38,489",16/03/2024,30
01/03/2024 20:59:55,riveratyler@yahoo.com,Audrey Kent,andrewskyle@moss.com,"USCGC Cox
FPO AP 25708",+1-663-411-2659,3,AOK,WVOG60505505308793,FNMQ64262714786409,491584,Christian,Student,GB78ZIOK89437408763208,"60,650",01/02/2024,40
31/03/2024 06:53:28,smithrachel@gmail.com,Audrey Walker,bmartin@hernandez.org,"335 Victoria Manors
Gravesfurt, SD 60937",403.980.6043,1,AOK,XCMW87685706492732,RJCT54166784283085,928180,Christian,Job Seeker,GB86DHKV11249255600367,"41,018",17/05/2024,20
10/04/2024 08:45:48,heidiramirez@gmail.com,Kimberly Kim,danielodonnell@faulkner.com,"3779 Shannon Falls
Obrientown, AR 75620",+1-706-664-6400x0031,2,Barmer,LLFH56967987000405,LTYA31465725791051,506271,Muslim,Work Visa,GB56TSSR85604885469666,"62,043",29/04/2024,40
03/03/2024 16:37:11,olivia60@hester.com,Jonathan Smith,williamlevine@choi.biz,"8777 Johnson Parks Apt. 790
Port Karenborough, NE 68717",243-881-0016x16234,1,TK,TKQC40386232809146,ODVY54515697752064,826730,,Job Seeker,GB82ZUTA41960603028012,"44,870",20/04/2024,40
29/04/2024 21:41:43,sosajennifer@brown-mccall.biz,Rachel Mason,burkedanielle@andersen-adams.info,"03502 Smith Estates
Brandonland, SD 19581",001-593-552-3748x5406,3,DAK,UZRB96998836426174,XEOG18223811370502,625450,,Student,GB11HHVK05760224017348,"78,960",13/01/2024,40
24/01/2024 06:24:52,timothy08@gmail.com,Jennifer Mitchell,joseph13@marshall-barnes.biz,"Unit 6155 Box 7614
DPO AP 31256",002.989.1633x357,1,Barmer,BNJR60973061385971,QOBL88224499450852,160280,Muslim,Work Visa,GB15EJEG39019601654638,"64,913",11/04/2024,30
02/02/2024 23:23:19,hansontyler@hotmail.com,Nicole Hood,umurphy@ferguson.biz,"3690 Clark Isle
East Nancy, NV 89581",001-477-109-1580x26476,2,AOK,YLKT54974789450643,CGRP55353444882536,707462,Muslim,Job Seeker,GB35BSWJ24015973836778,"20,265",09/03/2024,20
14/05/2024 20:41:47,zwalker@yahoo.com,Jason Patterson,allison85@daniel.biz,"9948 Mark Ports Suite 772
North Cynthia, NY 49233",(012)694-9093,3,AOK,VCQN78942285412425,ZZQY83853929164906,105857,,Blue Card,GB50NDJO63598143392043,"58,793",20/03/2024,20
02/05/2024 03:17:08,bstone@tran.com,Michael Noble,sherimeyer@white.net,"18172 Morales Field Apt. 269
Lake James, UT 27485",+1-594-912-6898,3,AOK,RCSN91135613445947,ETDA57964303033689,630599,Hindu,Work Visa,GB57WEZN84767713844607,"43,016",10/01/2024,30
22/01/2024 21:18:16,icollins@hotmail.com,Autumn Stevens,rcarr@gmail.com,"PSC 4099, Box 7225
APO AA 01473",+1-755-459-4778x97282,2,Barmer,SFBP79618642273882,ETLE97522733689467,666730,,Student,GB15YRTX32516715519265,"73,082",27/02/2024,20
26/04/2024 00:22:48,anthonyjones@coleman-nicholson.com,Zachary Hamilton,burtonmegan@white.net,"69282 Bond Shoal
Floresshire, NM 76385",263.107.8619x3280,1,TK,OWFI30228709898768,PMGQ01639170906438,415958,Hindu,Work Visa,GB42LYFE78868264831423,"72,721",06/04/2024,20
05/02/2024 21:49:04,aclayton@martin.com,Roberta Pierce,peterfernandez@cross.info,"Unit 6571 Box 0225
DPO AP 17869",8983268775,2,DAK,JRTW03988809359459,FZPR56946800026097,351284,Christian,Work Visa,GB90DHRE34538998267376,"69,061",04/03/2024,20
21/03/2024 15:39:10,vclark@sawyer.com,Glenn Lee,alexanderperry@washington.com,"867 Brown Rapids Apt. 548
Seanmouth, WI 42165",234.908.3457x978,2,Barmer,YZWH07322190513844,YWZE10283738649025,472127,,Work Visa,GB32TFEI05896896627589,"54,011",20/02/2024,20
11/02/2024 07:26:21,jensenshannon@gmail.com,Brittany Espinoza,ahall@gmail.com,"753 Mitchell Views
East Judithville, ME 89525",(164)055-2787,1,Barmer,WOYR23478246482458,YVCZ19894048757822,525060,Hindu,Work Visa,GB97ASMT50303349554849,"56,466",23/04/2024,30
25/04/2024 20:21:31,matthewbailey@meyer.com,John Chandler,maria44@diaz.biz,"704 Espinoza Viaduct Suite 139
Morganchester, GA 13173",037.715.3395x319,2,Barmer,DGNP77102936800162,QLYR02871482655631,588078,,Student,GB16IKDC40411930168398,"42,653",10/04/2024,20
27/02/2024 19:39:35,james55@garcia.info,Stephanie Ryan,josepace@yahoo.com,"60655 Tiffany Fall
Kathleenborough, NM 33435",421-308-8426,3,DAK,PHFC23459418241801,KMQB21012856992555,397409,,Blue Card,GB84VDKQ08857112227059,"30,851",01/01/2024,40
17/02/2024 17:04:44,qkelly@yahoo.com,Lisa Glass,lhampton@gmail.com,"9215 Catherine Circle
Lake Jose, ND 12072",049-525-8575x84105,2,TK,DMJO47954382302970,CLQH71136973755287,588934,Muslim,Blue Card,GB61RZJN85293608563679,"71,686",22/04/2024,40
06/02/2024 06:43:55,xthompson@rice.com,Brian Jackson,qwright@yahoo.com,"44002 Jodi Valley
Port Laurafurt, ID 06780",001-390-782-8165x0552,1,TK,FFZD51178593472113,SQIV60067908764836,117799,,Blue Card,GB49ELWR20855302151531,"35,826",11/01/2024,30
14/03/2024 20:02:07,ashley01@gmail.com,Christopher Zimmerman,williamsedward@wheeler.net,"0999 Steven Prairie Apt. 856
Timothyland, WV 73602",092.523.9802,1,AOK,YCJC79970036053380,GHTI80645134555069,968549,Hindu,Work Visa,GB65PZQO53983682259466,"26,778",16/03/2024,40
07/04/2024 05:05:09,dana38@gmail.com,Brandy Perez,michaelrosario@davis.info,"601 Jason Ferry Apt. 864
Joshuabury, MO 23017",+1-454-548-1716,1,DAK,TEBR10506607017611,RLMB38023191964015,573133,Christian,Work Visa,GB61NGCG18206753166601,"46,654",02/05/2024,30
24/03/2024 01:01:05,qcallahan@patterson-davis.biz,Lauren Ross,isabellathomas@robbins-padilla.com,"462 John Mill Apt. 252
West Dwayneport, RI 33339",001-149-378-8410x54586,1,AOK,HSSK67505771478033,TTGW34820552585760,829524,Christian,Student,GB10YUUX50633610655305,"64,129",24/03/2024,20
04/01/2024 01:38:09,john23@gmail.com,Lee Spencer,jrogers@hotmail.com,"11760 Kathryn Radial
Lake Benjamin, NV 34241",598-565-9003,2,TK,ZGLW75596982495389,IUFG83324415756038,401156,,Job Seeker,GB97KFGM00092909598976,"24,924",16/02/2024,40
03/04/2024 22:17:26,samantha79@yahoo.com,Raymond Jennings,matthewstammy@hotmail.com,"008 Kathryn Heights Suite 157
New Georgeborough, VA 15520",3430426312,2,TK,DICB30552741542266,AFPS55163627764468,862441,,Blue Card,GB37YXYB50143562253513,"23,830",16/03/2024,20
02/02/2024 09:46:34,priscilla04@sheppard.com,Jessica Roberts,jessicamcdonald@hotmail.com,"411 Allen Lake Apt. 760
Mooreside, MS 36635",806-818-7740,2,TK,WGDQ44138894004080,RTZT25249742211697,695119,Christian,Blue Card,GB21GBSJ60937501275598,"29,530",04/05/2024,40
28/02/2024 14:32:03,cory59@yahoo.com,Erin Horn,melissa69@gmail.com,"789 Benjamin Ways
New Mary, VT 47184",(992)076-5936x0261,3,TK,DJXC52775294878921,FFTD30490080483415,590910,Hindu,Student,GB97JTAT46427432713781,"29,799",21/01/2024,20
17/04/2024 13:27:46,joshuajones@yahoo.com,Kathleen Moreno,johnstondavid@gmail.com,"6242 Johnson Street
Dalestad, IA 85599",(313)218-7593x957,1,TK,QONP49845592853581,UBHY73406416500699,159962,Hindu,Work Visa,GB66QORW94825332752596,"28,678",25/02/2024,40
03/04/2024 07:20:51,adamsedwin@gonzalez-thompson.com,Dale Chapman,dpittman@patterson.com,"724 Johnson Extensions Suite 686
Joseville, MT 27065",2189018650,3,AOK,ULFK81744836994130,JERP00386885882687,253399,,Student,GB34XELM48318834382525,"39,679",14/02/2024,40
31/01/2024 05:44:41,nicholas89@gmail.com,Dalton Hamilton,holderchristopher@hotmail.com,"7205 David Shoals Apt. 129
Lake Michaelport, IA 53428",768-580-3486x6151,3,Barmer,LWEM76596420603701,WLGV76258872908888,760397,Muslim,Job Seeker,GB78KOGE32348622797079,"53,771",14/05/2024,40
18/03/2024 03:32:03,andrea81@yahoo.com,Sherri Price,wdecker@bennett.com,"Unit 6339 Box 9908
DPO AA 35724",+1-204-658-3496x7162,2,AOK,LHRC76256330513479,UQCV05477282805489,90994,,Blue Card,GB86YQZA77009123666586,"30,922",04/04/2024,20
24/03/2024 08:50:34,ivan42@li.com,Kristi Robles,vford@james.com,"PSC 4558, Box 2373
APO AP 91424",336.311.2277x056,3,DAK,ZOTP90466752040051,PBMD00520533867571,594947,Muslim,Blue Card,GB06CTYD91436562226649,"65,328",27/01/2024,30
03/01/2024 06:00:46,eric43@maldonado.com,Samantha Leblanc,christopherallen@williams-murray.info,"4378 Kim Prairie
East Alexisbury, MA 64539",+1-564-505-1000x584,3,AOK,ICXI41490813477007,BVCW52785744057063,169355,,Job Seeker,GB22STQJ52019559443437,"38,798",11/01/2024,30
06/01/2024 10:11:28,teresabridges@yahoo.com,John Sparks,campbellronald@yahoo.com,"86851 Michael Parkway Apt. 662
Port Timothy, NY 72886",001-657-683-6317x9784,3,Barmer,ZBOJ33078260574068,XFTY07685239000618,673856,Christian,Blue Card,GB94HMTJ57707867772457,"46,265",03/02/2024,20
17/05/2024 03:05:03,cindy64@yahoo.com,Mr. Todd Richard MD,kwilliams@miller-lowery.com,"8093 David Key
Mooreborough, NJ 92566",331-750-8212x8321,3,Barmer,NODH21055657693495,XMOM06463611581381,834149,Christian,Blue Card,GB86SCLO84288549084458,"37,371",22/02/2024,30
13/02/2024 16:24:48,jamesmichelle@hotmail.com,Melanie Parker,howellcynthia@hotmail.com,"56983 Burns Mountains Suite 755
Robinsonhaven, DE 69313",+1-256-773-7563,1,DAK,UMQS66337714572238,GPAX93907927336677,890745,,Blue Card,GB16OGZN17025923089264,"50,788",22/04/2024,40
26/02/2024 00:10:45,steven80@parks.biz,Anthony Munoz,rebecca38@benson-reyes.com,"89573 Ritter Row Apt. 471
Michellebury, ME 25290",293.598.1844x834,2,AOK,ZTYH69196098762564,CSGS63172290424306,69061,,Blue Card,GB48AWPM02399085180323,"32,750",06/05/2024,40
04/01/2024 02:06:59,jeffery18@bolton.com,Kristina Webb,davidberry@mitchell.com,"32315 Hamilton Circles Apt. 099
South Alyssaburgh, MT 38318",324-416-3877x06568,1,TK,KTXS12090117175142,NXMH94114061172778,78156,Hindu,Student,GB87QOVS88334075679503,"69,305",07/02/2024,20
25/04/2024 02:43:23,cgreene@anderson-adams.com,Kathy Sanchez,melanie50@hotmail.com,"38381 Mark Knolls Apt. 525
New Jacob, MD 04921",(033)680-6397x7717,1,TK,UWJV59468498826045,KROD28978069169816,426009,Muslim,Work Visa,GB41EJCJ31863414523800,"63,441",13/01/2024,20
03/01/2024 19:26:00,richardsmith@gmail.com,Amanda Ramos,dknight@weber.com,"6461 Dillon Forges Suite 413
Susanmouth, OK 16802",019.075.6177x5424,1,TK,DCQM25962917506448,JBAY94892719812252,80660,Hindu,Work Visa,GB22MCEG16374686068745,"53,191",09/01/2024,30
18/01/2024 07:33:13,zcunningham@hotmail.com,Stephanie Johnson,esanders@wilcox-herring.net,"6992 Clark Stravenue
South Herbertmouth, VA 87202",664.984.3960x34418,1,TK,ITSJ11726757096333,JSQI50937561622564,579112,Hindu,Student,GB82UDRZ31043869676313,"44,962",02/03/2024,20
30/01/2024 03:48:38,christopher76@yahoo.com,Kimberly Ellis,peter68@hotmail.com,"8355 Jennifer Key
Shannonhaven, WA 64108",(073)331-4863x145,1,Barmer,PRWX31704311982310,PHXD96173703135665,56758,Muslim,Job Seeker,GB83LNKI70601232141823,"32,985",19/02/2024,30
25/03/2024 19:24:42,phillipsandrew@gmail.com,Terry Lopez,lisa13@davidson.com,"5535 Hamilton Circle Apt. 071
New Rachelburgh, NV 07079",(410)472-5102x92940,2,AOK,SFXG76712990655887,ZIEE11032067493088,14936,,Blue Card,GB66KWUS35054649168837,"64,898",08/01/2024,30
14/02/2024 12:23:16,john05@lane-herrera.net,Lisa Brock,bridgetstewart@singh.com,"3793 Marks Greens
Garrettmouth, SD 81288",940.361.5461,2,Barmer,PSVN59753512538343,OGVH32143951959041,340544,Christian,Work Visa,GB39WPUW50809503229994,"27,846",01/05/2024,40
05/02/2024 03:31:28,billywright@hotmail.com,Blake Foster,hedwards@hotmail.com,"257 John Valley Suite 927
Lake Christianborough, CT 20311",164-294-9007x007,2,DAK,ZYRJ95683476343386,QYKC37005067996258,255110,Christian,Job Seeker,GB89XVKW35732695479588,"52,811",02/04/2024,40
07/04/2024 12:00:11,christophergarcia@yang.info,Craig George,michael49@gmail.com,"793 Mccarthy Mill Suite 856
Fishertown, FL 72915",485.934.9307x12989,1,TK,XUYG75303585757730,DZIH54007505884390,151222,Hindu,Job Seeker,GB26KOQF98744811884018,"78,515",25/01/2024,30
14/01/2024 18:55:51,nicholas14@davidson-davenport.com,Margaret Castro,slowery@gutierrez.biz,"750 Jamie Loop
New Joseborough, KS 68172",001-776-958-8385x87016,2,DAK,UKFI30851365722297,RRNS92650155715065,200644,Christian,Work Visa,GB78PRHP35179693775619,"24,093",22/02/2024,20
20/02/2024 18:20:51,dean20@johnson-edwards.info,Andrew Hogan,marc02@mckay-powell.com,"4726 Michelle Walk Apt. 355
East Lindafort, IA 02041",(648)907-4670x7536,3,DAK,HQHK74115827714177,IMQG74291681430211,175515,Christian,Student,GB95FXWV94644219234508,"46,298",18/05/2024,30
04/02/2024 09:59:04,andrew38@gmail.com,Jacob Newton,hollybrown@hotmail.com,"421 Taylor Glens Suite 868
Ashleytown, MI 31900",001-073-186-3905x207,3,DAK,JJJH66831747082039,SDTR52311390506199,204640,Muslim,Job Seeker,GB15PAEE41411240953992,"34,399",17/01/2024,40
24/01/2024 07:05:53,brendascott@gmail.com,Todd Taylor,aaronpennington@pearson-vaughn.com,"735 Marie Manors
Lorifurt, LA 45045",(818)945-1864x5632,1,DAK,SRHJ56738305815237,SKUA53188813150933,443457,Muslim,Blue Card,GB87EASB94644679889819,"26,190",07/04/2024,20
11/01/2024 14:47:13,paul78@yahoo.com,Lawrence Delgado,gregorylaura@gomez.com,"699 James River
West Mark, WI 71038",(834)800-0866x222,2,AOK,SCXN18656209819020,DPPF02221778614241,924758,Muslim,Blue Card,GB66BYJD43709374592242,"32,948",10/04/2024,30
12/04/2024 22:27:25,johnsonjohn@hotmail.com,Kimberly Morgan,jenniferdean@wood.com,"92866 Isabel Roads Apt. 669
East Ashley, MT 68049",160-187-2175x954,1,DAK,BOSF82011166442014,RZAP42575505583043,995188,Hindu,Job Seeker,GB76RHOO61672474819838,"45,087",01/04/2024,40
15/02/2024 05:55:02,courtney01@gmail.com,Kristin Hardy,phamdebbie@sosa.biz,"88125 Jenkins Fork
Bateston, NV 44967",+1-710-741-8767x10209,2,AOK,JVLP04138654417440,NGUI23434634535481,594050,Hindu,Student,GB04CQAY36504223760718,"22,529",11/05/2024,30
19/01/2024 03:42:00,mschmitt@hotmail.com,Valerie Oconnell,kaitlynjohnson@yahoo.com,"3462 Wallace Divide
Lake Elizabethland, MI 53886",261-526-4385x491,1,DAK,AGEY09430349892852,VRGS13798443393102,97310,Muslim,Blue Card,GB13PCLB79216897723092,"32,273",03/01/2024,30
13/04/2024 04:54:52,asharp@walls.com,Rodney Whitaker,brian09@hotmail.com,"USNS Campbell
FPO AP 84473",+1-485-344-7981x35521,3,AOK,JYFX58075989262701,MRHI90123379653052,390139,,Blue Card,GB52QAVG63821760685557,"59,539",16/04/2024,30
02/03/2024 14:32:49,kevin05@williams-davis.com,Jennifer Combs MD,leonard59@cabrera.com,"477 Brewer Spur
Fitzpatrickport, MN 35649",(467)779-0877,1,AOK,YXRM00238007145228,JKKV90954275139274,370624,Hindu,Student,GB49GZFP83245340620368,"43,050",27/01/2024,40
05/01/2024 20:37:51,millerbrittany@knapp-zuniga.biz,Lee Lopez,juan61@yahoo.com,"1692 Jefferson Crest Suite 880
East Steven, MN 74075",001-728-667-5889x516,2,TK,DPLO89113673478757,AKWJ81348349558112,763907,Muslim,Blue Card,GB16VEBO46797131277858,"66,773",19/03/2024,40
09/02/2024 06:00:46,cynthiabyrd@yahoo.com,Jennifer Rodriguez,wilsontodd@fields-clements.net,"8844 Elizabeth Fields Apt. 421
West Jorge, CA 84129",896.775.4141,1,TK,PPWJ32847933820705,WAYP05944029469616,365197,,Blue Card,GB22NZVX50005073446020,"71,538",05/05/2024,20
17/02/2024 06:22:15,scottkaren@yahoo.com,Julie Nichols,williamdawson@yahoo.com,"5112 Marshall Mills
North Brianna, MO 38810",+1-271-522-9422x26248,1,Barmer,EIZW35657475692248,CGXN99252728055235,591685,Muslim,Student,GB95NWCL38811898741282,"34,586",25/03/2024,40
18/05/2024 04:53:29,craig94@davila-howard.com,Katrina Cooper,matthew51@gmail.com,"8243 Scott Rest Suite 823
Jillianberg, AR 47170",+1-337-564-5146x08953,3,TK,VKDB73511405958897,OZSE05573476047481,878428,,Work Visa,GB89OMBQ42207746824547,"26,673",14/01/2024,30
28/01/2024 17:19:01,svincent@jones.net,Mary Alvarez,johnreynolds@hotmail.com,"33516 Aaron Parks Suite 211
Merrittfort, IA 96299",001-430-203-4559x1149,2,Barmer,LZAU57247855698966,HBIK42690177686095,93356,Hindu,Student,GB07LBLJ73324256708089,"69,293",10/03/2024,40
